review_id,product,review_text,date
1,Aloe Vera Juice,"Absolutely love this product! My digestion has improved significantly after just two weeks of daily use.",2024-01-15
2,Aloe Vera Juice,"The aloe vera juice has really helped with my acidity and bloating. Feel lighter and more energetic throughout the day.",2024-01-18
3,Aloe Vera Juice,"Good quality product, noticed improvement in skin hydration after regular use for about a month.",2024-01-22
4,Aloe Vera Juice,"The taste is quite bitter and hard to get used to. I struggle to drink it every morning.",2024-02-01
5,Aloe Vera Juice,"Way too expensive for the quantity you get. Similar products available at half the price on Amazon.",2024-02-03
6,Ashwagandha Capsules,"After taking these capsules for a month, my stress levels have reduced noticeably and sleep quality has improved dramatically.",2024-01-10
7,Ashwagandha Capsules,"These capsules genuinely helped me manage work stress. Felt calmer and more focused within 3 weeks.",2024-01-14
8,Ashwagandha Capsules,"Saw improvement in my energy and stamina after consistent use. Will definitely reorder.",2024-01-20
9,Ashwagandha Capsules,"Did not notice any difference even after 6 weeks of use. Maybe it works for others but not for me.",2024-02-05
10,Ashwagandha Capsules,"The capsule smell is very strong and unpleasant. Difficult to take without feeling nauseous.",2024-02-08
11,Ghee,"Best quality ghee I have ever tasted. Rich flavour, authentic aroma, and you can tell it is made properly.",2024-01-05
12,Ghee,"Excellent product but the price is on the higher side. Would buy more frequently if there was a better deal.",2024-01-12
13,Ghee,"The ghee tastes off, not sure if it was stored properly during shipping. Very disappointed.",2024-02-10
14,Triphala Powder,"The powder dissolved well and I noticed improvement in my digestion and regularity within 10 days.",2024-01-08
15,Triphala Powder,"Genuine product with authentic taste. Effective for constipation relief and overall gut health.",2024-01-16
16,Triphala Powder,"The packaging leaked during delivery and half the powder was wasted. Really frustrating.",2024-01-25
17,Triphala Powder,"Bottle arrived completely damaged, the seal was broken and product had spilled all over the box.",2024-02-12
18,Diabetic Care Juice,"The bottle packaging is excellent, very sturdy and the seal is tamper-proof. Great attention to quality.",2024-01-09
19,Diabetic Care Juice,"Packaging is minimal and cheap-looking for a premium priced product. Expected better presentation.",2024-01-17
20,Diabetic Care Juice,"Delivery was super fast, received within 24 hours of ordering. Packaging was intact and product was fresh.",2024-01-21
21,Diabetic Care Juice,"Delivery took 12 days and the product was close to expiry when it arrived. Very poor logistics.",2024-02-02
22,Aloe Vera Juice,"I had an issue with a damaged product and the customer support team resolved it within 2 hours with a full replacement.",2024-01-28
23,Ashwagandha Capsules,"The team was very helpful when I called with questions about dosage. Knowledgeable and patient.",2024-02-04
24,Ghee,"Customer service took over a week to respond to my complaint. Completely unacceptable response time.",2024-02-06
25,Triphala Powder,"Pricing is reasonable compared to similar Ayurvedic brands. Good value for the quality you get.",2024-01-26
26,Diabetic Care Juice,"This product is priced at a premium but the quality does not justify it. Overpriced for what it is.",2024-02-07
27,Diabetic Care Juice,"Price went up by 30% in two months with no change in product. Feels exploitative.",2024-02-09
28,Aloe Vera Juice,"The juice has a slightly fermented smell which makes it hard to consume. Wondering about freshness.",2024-01-30
29,Ashwagandha Capsules,"Received the wrong product in my order. The box said ashwagandha but capsules inside were different.",2024-02-11
30,Ghee,"Reordering for the third time. Consistently good quality, fast delivery, and reasonable price. Highly recommend.",2024-01-31
